<?xml version="1.0" encoding="UTF-8"?>
<!-- Generated by eXe - http://exelearning.net -->
<manifest identifier="eXe63591ac226d516d1b71" xmlns="http://www.imsproject.org/xsd/imscp_rootv1p1p2" xmlns:adlcp="http://www.adlnet.org/xsd/adlcp_rootv1p2" xmlns:imsmd="http://www.imsglobal.org/xsd/imsmd_v1p2" xmlns:xsi="http://www.w3.org/2001/XMLSchema-instance" xsi:schemaLocation="http://www.imsproject.org/xsd/imscp_rootv1p1p2 imscp_rootv1p1p2.xsd http://www.imsglobal.org/xsd/imsmd_rootv1p2p1 imsmd_rootv1p2p1.xsd http://www.adlnet.org/xsd/adlcp_rootv1p2 adlcp_rootv1p2.xsd" > 
<metadata> 
 <schema>ADL SCORM</schema> 
 <schemaversion>1.2</schemaversion> 
 <adlcp:location>imslrm.xml</adlcp:location> 
</metadata> 
<organizations default="eXe63591ac226d516d1b72">  
    <organization identifier="eXe63591ac226d516d1b72" structure="hierarchical">
        <title>輔導活動-我說不要就是不要</title>
<item identifier="ITEM-eXe63591ac226d516d1b73" isvisible="true" identifierref="RES-eXe63591ac226d516d1b74">
    <title>輔導活動-我說不要就是不要</title>
<item identifier="ITEM-eXe63591ac226d516d1b75" isvisible="true" identifierref="RES-eXe63591ac226d516d1b76">
    <title>什麼是性騷擾？</title>
</item>
<item identifier="ITEM-eXe63591ac226d516d1b87" isvisible="true" identifierref="RES-eXe63591ac226d516d1b88">
    <title>性騷擾的類型</title>
</item>
<item identifier="ITEM-eXe63591ac226d516d1b89" isvisible="true" identifierref="RES-eXe63591ac226d516d1b8a">
    <title>性騷擾的迷思</title>
</item>
<item identifier="ITEM-eXe63591ac226d516d1b8b" isvisible="true" identifierref="RES-eXe63591ac226d516d1b8c">
    <title>遇到騷擾，我可以...</title>
</item>
<item identifier="ITEM-eXe63591ac226d516d1b8d" isvisible="true" identifierref="RES-eXe63591ac226d516d1b8e">
    <title>小試身手</title>
</item>
</item>
  </organization>
</organizations>
<resources>
  <resource identifier="RES-eXe63591ac226d516d1b74" type="webcontent" adlcp:scormtype="sco" href="index.html"> 
    <file href="index.html"/> 
    <file href="exe_html5.js"/>
    <file href="Image-1.png"/>
    <dependency identifierref="COMMON_FILES"/>
  </resource>
  <resource identifier="RES-eXe63591ac226d516d1b76" type="webcontent" adlcp:scormtype="sco" href="__.html"> 
    <file href="__.html"/> 
    <file href="exe_html5.js"/>
    <dependency identifierref="COMMON_FILES"/>
  </resource>
  <resource identifier="RES-eXe63591ac226d516d1b88" type="webcontent" adlcp:scormtype="sco" href="__0.html"> 
    <file href="__0.html"/> 
    <file href="exe_html5.js"/>
    <file href="LINE_ALBUM__221107.jpg"/>
    <file href="LINE_ALBUM__221107_0.jpg"/>
    <file href="exe_effects.css"/>
    <file href="exe_effects.js"/>
    <dependency identifierref="COMMON_FILES"/>
  </resource>
  <resource identifier="RES-eXe63591ac226d516d1b8a" type="webcontent" adlcp:scormtype="sco" href="__1.html"> 
    <file href="__1.html"/> 
    <file href="exe_html5.js"/>
    <file href="LINE_ALBUM__221107_2.jpg"/>
    <file href="exequextaudio.png"/>
    <file href="exequextcursor.gif"/>
    <file href="exequextfirstr.png"/>
    <file href="exequextfull.png"/>
    <file href="exequexthits.png"/>
    <file href="exequextlastr.png"/>
    <file href="exequextlive.png"/>
    <file href="exequextlost.png"/>
    <file href="exequextmin.png"/>
    <file href="exequextmoveon.png"/>
    <file href="exequextnextr.png"/>
    <file href="exequextnormal.png"/>
    <file href="exequextnumber.png"/>
    <file href="exequextone.png"/>
    <file href="exequextpause.png"/>
    <file href="exequextplayvideo.png"/>
    <file href="exequextpreviousr.png"/>
    <file href="exequextreload.png"/>
    <file href="exequextreply.png"/>
    <file href="exequextrerrors.png"/>
    <file href="exequextroscomin.png"/>
    <file href="exequextscore.png"/>
    <file href="exequextsq.png"/>
    <file href="exequexttime.png"/>
    <file href="exequexttwo.png"/>
    <file href="exequextvideo.png"/>
    <file href="exequextwon.png"/>
    <file href="gameqp-activity.css"/>
    <file href="selecciona-activity.js"/>
    <file href="seleccionaHome.png"/>
    <file href="seleccionaIcon.png"/>
    <dependency identifierref="COMMON_FILES"/>
  </resource>
  <resource identifier="RES-eXe63591ac226d516d1b8c" type="webcontent" adlcp:scormtype="sco" href="__2.html"> 
    <file href="__2.html"/> 
    <file href="exe_html5.js"/>
    <file href="_E6_8A_95_E5_BD_B1_E7_89_8728.JPG"/>
    <file href="_E6_8A_95_E5_BD_B1_E7_89_8725.JPG"/>
    <file href="_E6_8A_95_E5_BD_B1_E7_89_8726.JPG"/>
    <dependency identifierref="COMMON_FILES"/>
  </resource>
  <resource identifier="RES-eXe63591ac226d516d1b8e" type="webcontent" adlcp:scormtype="sco" href="__3.html"> 
    <file href="__3.html"/> 
    <file href="exe_html5.js"/>
    <file href="stock-stop.png"/>
    <file href="panel-amusements.png"/>
    <file href="common.js"/>
    <dependency identifierref="COMMON_FILES"/>
  </resource>
  <resource identifier="COMMON_FILES" type="webcontent" adlcp:scormtype="asset">
    <file href="Atkinson-Hyperlegible-Regular-102a.woff2"/>
    <file href="config.xml"/>
    <file href="content.css"/>
    <file href="icon_emociones.svg"/>
    <file href="icon_udl_eng_aprenderaprender.svg"/>
    <file href="icon_udl_eng_culturales.svg"/>
    <file href="icon_udl_eng_curiosidad.svg"/>
    <file href="icon_udl_eng_descarga.svg"/>
    <file href="icon_udl_eng_objetivos.svg"/>
    <file href="icon_udl_eng_orientaciones.svg"/>
    <file href="icon_udl_eng_reto.svg"/>
    <file href="icon_udl_eng_rss.svg"/>
    <file href="icon_udl_eng_rubrica.svg"/>
    <file href="icon_udl_eng_saber.svg"/>
    <file href="icon_udl_eng_temporalizacion.svg"/>
    <file href="icon_udl_exp_actividad.svg"/>
    <file href="icon_udl_exp_canto.svg"/>
    <file href="icon_udl_exp_competenciadigital.svg"/>
    <file href="icon_udl_exp_coproduccionoral.svg"/>
    <file href="icon_udl_exp_coproducciontxt.svg"/>
    <file href="icon_udl_exp_cuestionario.svg"/>
    <file href="icon_udl_exp_debate.svg"/>
    <file href="icon_udl_exp_ejercicio.svg"/>
    <file href="icon_udl_exp_escribe.svg"/>
    <file href="icon_udl_exp_escucha.svg"/>
    <file href="icon_udl_exp_graba.svg"/>
    <file href="icon_udl_exp_grupoheterogeneo.svg"/>
    <file href="icon_udl_exp_grupohomogeneo.svg"/>
    <file href="icon_udl_exp_habla.svg"/>
    <file href="icon_udl_exp_interactivo.svg"/>
    <file href="icon_udl_exp_juego.svg"/>
    <file href="icon_udl_exp_lee.svg"/>
    <file href="icon_udl_exp_lenguasignos.svg"/>
    <file href="icon_udl_exp_manipula.svg"/>
    <file href="icon_udl_exp_mediacion.svg"/>
    <file href="icon_udl_exp_musica.svg"/>
    <file href="icon_udl_exp_practicamusical.svg"/>
    <file href="icon_udl_exp_tarea.svg"/>
    <file href="icon_udl_exp_tareagrupal.svg"/>
    <file href="icon_udl_rep_adjunto.svg"/>
    <file href="icon_udl_rep_apoyovisual.svg"/>
    <file href="icon_udl_rep_caso.svg"/>
    <file href="icon_udl_rep_conocer.svg"/>
    <file href="icon_udl_rep_destacado.svg"/>
    <file href="icon_udl_rep_ejemplo.svg"/>
    <file href="icon_udl_rep_escucha.svg"/>
    <file href="icon_udl_rep_fonetica.svg"/>
    <file href="icon_udl_rep_galeria.svg"/>
    <file href="icon_udl_rep_gramatica.svg"/>
    <file href="icon_udl_rep_importante.svg"/>
    <file href="icon_udl_rep_informarse.svg"/>
    <file href="icon_udl_rep_lecturafacil.svg"/>
    <file href="icon_udl_rep_lee.svg"/>
    <file href="icon_udl_rep_lenguasignos.svg"/>
    <file href="icon_udl_rep_mediar.svg"/>
    <file href="icon_udl_rep_nota.svg"/>
    <file href="icon_udl_rep_pasos.svg"/>
    <file href="icon_udl_rep_recomienda.svg"/>
    <file href="icon_udl_rep_redessemanticas.svg"/>
    <file href="icon_udl_rep_reflexion.svg"/>
    <file href="icon_udl_rep_reproduccion.svg"/>
    <file href="icon_udl_rep_vocabulario.svg"/>
    <file href="nav.css"/>
    <file href="_style_bg.png"/>
    <file href="_style_icons.png"/>
    <file href="_style_js.js"/>
    <file href="_style_left_column.gif"/>
    <file href="_style_licenses.gif"/>
    <file href="_style_logo.png"/>
    <file href="_style_menu.gif"/>
    <file href="_style_nav_icons.png"/>
    <file href="base.css"/>
    <file href="popup_bg.gif"/>
    <file href="SCORM_API_wrapper.js"/>
    <file href="SCOFunctions.js"/>
    <file href="common.js"/>
    <file href="common_i18n.js"/>
    <file href="exe_jquery.js"/>
    <file href="content.xsd"/>
    <file href="content.data"/>
    <file href="contentv3.xml"/>
    <file href="imslrm.xml"/>
  </resource>
</resources>
</manifest>
